{"py/object": "rasa_core.featurizers.MaxHistoryTrackerFeaturizer", "max_history": 5, "remove_duplicates": true, "state_featurizer": {"py/object": "rasa_core.featurizers.BinarySingleStateFeaturizer", "input_state_map": {"entity_cuisine": 9, "entity_emailid": 12, "entity_location": 8, "entity_price_lt": 10, "entity_price_ut": 11, "intent_affirm": 1, "intent_deny": 2, "intent_email_provide": 7, "intent_goodbye": 3, "intent_greet": 0, "intent_reject": 6, "intent_restaurant_search": 5, "intent_thankyou": 4, "prev_action_default_fallback": 25, "prev_action_listen": 23, "prev_action_location": 39, "prev_action_mailrestaurantdetails": 43, "prev_action_restart": 24, "prev_action_restarted": 42, "prev_action_restaurant": 38, "prev_action_sendmail": 40, "prev_action_slot_reset": 41, "prev_utter_ask_cuisine": 32, "prev_utter_ask_email": 34, "prev_utter_ask_howcanhelp": 30, "prev_utter_ask_location": 31, "prev_utter_ask_pricerange": 33, "prev_utter_ask_tomail": 35, "prev_utter_default": 28, "prev_utter_goodbye": 27, "prev_utter_greet": 26, "prev_utter_invalidlocation": 36, "prev_utter_mailsent": 29, "prev_utter_outofscopelocation": 37, "slot_cuisine_0": 13, "slot_emailid_0": 14, "slot_location_0": 15, "slot_location_match_0": 16, "slot_location_match_1": 17, "slot_location_match_2": 18, "slot_mail_details_0": 19, "slot_mail_response_0": 20, "slot_price_lt_0": 21, "slot_price_ut_0": 22}, "num_features": 44, "slot_feature_len": 10, "user_feature_len": 13}, "use_intent_probabilities": false}