{
  "rasa_nlu_data": {
    "common_examples": [
      {
        "intent": "greet",
        "text": "hey"
      },
      {
        "intent": "greet",
        "text": "howdy"
      },
      {
        "intent": "greet",
        "text": "Hola"
      },
      {
        "intent": "greet",
        "text": "hey there"
      },
      {
        "intent": "greet",
        "text": "hello"
      },
      {
        "intent": "greet",
        "text": "hi"
      },
      {
        "intent": "greet",
        "text": "good morning"
      },
      {
        "intent": "greet",
        "text": "good afternoon"
      },
      {
        "intent": "greet",
        "text": "good evening"
      },
      {
        "intent": "greet",
        "text": "dear sir/mam"
      },
      {
        "intent": "affirm",
        "text": "yes"
      },
      {
        "intent": "affirm",
        "text": "yep"
      },
      {
        "intent": "affirm",
        "text": "yeah"
      },
      {
        "intent": "affirm",
        "text": "indeed"
      },
      {
        "intent": "affirm",
        "text": "that's right"
      },
      {
        "intent": "affirm",
        "text": "that's correct"
      },
      {
        "intent": "affirm",
        "text": "ok"
      },
      {
        "intent": "affirm",
        "text": "great"
      },
      {
        "intent": "affirm",
        "text": "gr8"
      },
      {
        "intent": "affirm",
        "text": "right, thank you"
      },
      {
        "intent": "affirm",
        "text": "correct"
      },
      {
        "intent": "restaurant_search",
        "text": "i'm looking for a place to eat"
      },
      {
        "intent": "restaurant_search",
        "text": "looking fr a place to take my team out for lunch"
      },
      {
        "intent": "restaurant_search",
        "text": "looking fr a place to take my team out for dinner"
      },
      {
        "intent": "restaurant_search",
        "text": "I want to grab lunch"
      },
      {
        "intent": "restaurant_search",
        "text": "can u help with finding some good restaurants"
      },
      {
        "intent": "restaurant_search",
        "text": "I am searching for a dinner spot"
      },
      {
        "intent": "restaurant_search",
        "text": "looking for a place to dine out"
      },
      {
        "intent": "restaurant_search",
        "entities": [
          {
            "start": 31,
            "end": 36,
            "value": "north",
            "entity": "location"
          }
        ],
        "text": "i'm looking for a place in the north of town"
      },
      {
        "intent": "restaurant_search",
        "entities": [
          {
            "start": 8,
            "end": 15,
            "value": "Chinese",
            "entity": "cuisine"
          }
        ],
        "text": "show me Chinese restaurants"
      },
      {
        "intent": "restaurant_search",
        "entities": [
          {
            "start": 8,
            "end": 14,
            "value": "Chinese",
            "entity": "cuisine"
          }
        ],
        "text": "I will prefer chines"
      },
      {
        "intent": "restaurant_search",
        "entities": [
          {
            "start": 8,
            "end": 14,
            "value": "Chinese",
            "entity": "cuisine"
          }
        ],
        "text": "I'll prefer chines"
      },
      {
        "intent": "restaurant_search",
        "entities": [
          {
            "start": 8,
            "end": 15,
            "value": "Mexican",
            "entity": "cuisine"
          }
        ],
        "text": "show me Mexican restaurants"
      },
      {
        "intent": "restaurant_search",
        "entities": [
          {
            "start": 8,
            "end": 15,
            "value": "Italian",
            "entity": "cuisine"
          }
        ],
        "text": "show me Italian restaurants"
      },
      {
        "intent": "restaurant_search",
        "entities": [
          {
            "start": 8,
            "end": 16,
            "value": "American",
            "entity": "cuisine"
          }
        ],
        "text": "show me American restaurants"
      },
      {
        "intent": "restaurant_search",
        "entities": [
          {
            "start": 8,
            "end": 20,
            "value": "South Indian",
            "entity": "cuisine"
          }
        ],
        "text": "show me South Indian restaurants"
      },
      {
        "intent": "restaurant_search",
        "entities": [
          {
            "start": 8,
            "end": 20,
            "value": "North Indian",
            "entity": "cuisine"
          }
        ],
        "text": "show me North Indian restaurants"
      },
      {
        "intent": "restaurant_search",
        "entities": [
          {
            "start": 8,
            "end": 14,
            "value": "chinese",
            "entity": "cuisine"
          },
          {
            "start": 34,
            "end": 39,
            "value": "north",
            "entity": "location"
          }
        ],
        "text": "show me chines restaurants in the north"
      },
      {
        "intent": "restaurant_search",
        "entities": [
          {
            "start": 31,
            "end": 37,
            "value": "centre",
            "entity": "location"
          },
          {
            "start": 10,
            "end": 17,
            "value": "mexican",
            "entity": "cuisine"
          }
        ],
        "text": "show me a mexican place in the centre"
      },
      {
        "intent": "restaurant_search",
        "entities": [
          {
            "start": 20,
            "end": 26,
            "value": "indian",
            "entity": "cuisine"
          }
        ],
        "text": "i am looking for an indian spot called olaolaolaolaolaola"
      },
      {
        "intent": "restaurant_search",
        "text": "search for restaurants"
      },
      {
        "intent": "restaurant_search",
        "entities": [
          {
            "start": 16,
            "end": 20,
            "value": "west",
            "entity": "location"
          }
        ],
        "text": "anywhere in the west"
      },
      {
        "intent": "restaurant_search",
        "entities": [
          {
            "start": 14,
            "end": 19,
            "value": "18328",
            "entity": "location"
          }
        ],
        "text": "anywhere near 18328"
      },
      {
        "intent": "restaurant_search",
        "entities": [
          {
            "start": 17,
            "end": 29,
            "value": "asian fusion",
            "entity": "cuisine"
          }
        ],
        "text": "I am looking for asian fusion food"
      },
      {
        "intent": "restaurant_search",
        "entities": [
          {
            "start": 29,
            "end": 34,
            "value": "29432",
            "entity": "location"
          }
        ],
        "text": "I am looking a restaurant in 29432"
      },
      {
        "intent": "restaurant_search",
        "entities": [
          {
            "start": 3,
            "end": 9,
            "value": "London",
            "entity": "location"
          }
        ],
        "text": "in London"
      },
      {
        "intent": "restaurant_search",
        "entities": [
          {
            "start": 0,
            "end": 12,
            "value": "South Indian",
            "entity": "cuisine"
          }
        ],
        "text": "South Indian"
      },
      {
        "intent": "restaurant_search",
        "entities": [
          {
            "start": 0,
            "end": 12,
            "value": "North Indian",
            "entity": "cuisine"
          }
        ],
        "text": "North Indian"
      },
      {
        "intent": "restaurant_search",
        "entities": [
          {
            "start": 0,
            "end": 7,
            "value": "Italian",
            "entity": "cuisine"
          }
        ],
        "text": "Italian"
      },
      {
        "intent": "restaurant_search",
        "entities": [
          {
            "start": 0,
            "end": 7,
            "value": "chinese",
            "entity": "cuisine"
          }
        ],
        "text": "Chinese"
      },
      {
        "intent": "restaurant_search",
        "entities": [
          {
            "start": 0,
            "end": 7,
            "value": "chinese",
            "entity": "cuisine"
          }
        ],
        "text": "chinese"
      },
      {
        "intent": "restaurant_search",
        "entities": [
          {
            "start": 0,
            "end": 9,
            "value": "Lithuania",
            "entity": "location"
          }
        ],
        "text": "Lithuania"
      },
      {
        "intent": "restaurant_search",
        "entities": [
          {
            "start": 14,
            "end": 19,
            "value": "Italy",
            "entity": "location"
          }
        ],
        "text": "Oh, sorry, in Italy"
      },
      {
        "intent": "restaurant_search",
        "entities": [
          {
            "start": 3,
            "end": 8,
            "value": "delhi",
            "entity": "location"
          }
        ],
        "text": "in delhi"
      },
      {
        "intent": "restaurant_search",
        "entities": [
          {
            "start": 3,
            "end": 8,
            "value": "Delhi",
            "entity": "location"
          }
        ],
        "text": "In Delhi"
      },
      {
        "intent": "restaurant_search",
        "entities": [
          {
            "start": 3,
            "end": 8,
            "value": "Delhi",
            "entity": "location"
          }
        ],
        "text": "In Delhi."
      },
      {
        "intent": "restaurant_search",
        "entities": [
          {
            "start": 37,
            "end": 42,
            "value": "Delhi",
            "entity": "location"
          }
        ],
        "text": "I am looking for some restaurants in Delhi."
      },
      {
        "intent": "restaurant_search",
        "entities": [
          {
            "start": 37,
            "end": 42,
            "value": "Delhi",
            "entity": "location"
          }
        ],
        "text": "I am looking for some restaurants in Delhi"
      },
      {
        "intent": "restaurant_search",
        "entities": [
          {
            "start": 37,
            "end": 42,
            "value": "delhi",
            "entity": "location"
          }
        ],
        "text": "I am looking for some restaurants in delhi"
      },
      {
        "intent": "restaurant_search",
        "entities": [
          {
            "start": 17,
            "end": 38,
            "value": "mexican indian fusion",
            "entity": "cuisine"
          }
        ],
        "text": "I am looking for mexican indian fusion"
      },
      {
        "intent": "restaurant_search",
        "entities": [
          {
            "start": 24,
            "end": 28,
            "value": "rome",
            "entity": "location"
          },
          {
            "start": 34,
            "end": 42,
            "value": "mid",
            "entity": "price"
          },
          {
            "start": 60,
            "end": 67,
            "value": "british",
            "entity": "cuisine"
          },
          {
            "start": 77,
            "end": 81,
            "value": "4",
            "entity": "people"
          }
        ],
        "text": "can you book a table in rome in a moderate price range with british food for four people"
      },
      {
        "intent": "restaurant_search",
        "entities": [
          {
            "start": 0,
            "end": 7,
            "value": "central",
            "entity": "location"
          },
          {
            "start": 8,
            "end": 14,
            "value": "indian",
            "entity": "cuisine"
          }
        ],
        "text": "central indian restaurant"
      },
      {
        "intent": "goodbye",
        "text": "bye"
      },
      {
        "intent": "goodbye",
        "text": "goodbye"
      },
      {
        "intent": "goodbye",
        "text": "good bye"
      },
      {
        "intent": "goodbye",
        "text": "stop"
      },
      {
        "intent": "goodbye",
        "text": "end"
      },
      {
        "intent": "goodbye",
        "text": "farewell"
      },
      {
        "intent": "goodbye",
        "text": "Bye bye"
      },
      {
        "intent": "goodbye",
        "text": "have a good one"
      },
      {
        "intent": "restaurant_search",
        "entities": [
          {
            "start": 38,
            "end": 42,
            "value": "pune",
            "entity": "location"
          }
        ],
        "text": "please help me to find restaurants in pune"
      },
      {
        "intent": "restaurant_search",
        "entities": [
          {
            "start": 38,
            "end": 43,
            "value": "Delhi",
            "entity": ""
          }
        ],
        "text": "please help me to find restaurants in Delhi"
      },
      {
        "intent": "affirm",
        "text": "yo"
      },
      {
        "intent": "reject",
        "text": "no"
      },
      {
        "intent": "reject",
        "text": "not really"
      },
      {
        "intent": "reject",
        "text": "I don't want this"
      },
      {
        "intent": "restaurant_search",
        "text": "I am hungry"
      },
      {
        "intent": "restaurant_search",
        "text": "I am looking for a place with fine dining"
      },
      {
        "intent": "restaurant_search",
        "entities": [
          {
            "start": 26,
            "end": 33,
            "value": "chinese",
            "entity": "cuisine"
          }
        ],
        "text": "i want to experience some chinese cuisine"
      },
      {
        "intent": "restaurant_search",
        "entities": [
          {
            "start": 17,
            "end": 26,
            "value": "bangalore",
            "entity": "location"
          }
        ],
        "text": "i want to eat in bangalore"
      },
      {
        "intent": "restaurant_search",
        "entities": [
          {
            "start": 29,
            "end": 38,
            "value": "Bangalore",
            "entity": "location"
          },
          {
            "start": 14,
            "end": 20,
            "value": "indian",
            "entity": "cuisine"
          }
        ],
        "text": "I want to eat indian food in Bangalore "
      },
      {
        "intent": "restaurant_search",
        "entities": [
          {
            "start": 24,
            "end": 33,
            "value": "bangalore",
            "entity": "location"
          },
          {
            "start": 39,
            "end": 44,
            "value": "cheap",
            "entity": "price"
          }
        ],
        "text": "i want to grab lunch in bangalore in a cheap price range"
      },
      {
        "intent": "restaurant_search",
        "entities": [
          {
            "start": 20,
            "end": 29,
            "value": "expensive",
            "entity": "price"
          }
        ],
        "text": "i want to eat in an expensive restaurant"
      },
      {
        "intent": "reject",
        "text": "cancel"
      },
      {
        "intent": "reject",
        "text": "forget it"
      },
      {
        "intent": "restaurant_search",
        "entities": [
          {
            "start": 18,
            "end": 21,
            "value": "500",
            "entity": "price_ut"
          }
        ],
        "text": "I want to eat for 500 rupees"
      },
      {
        "intent": "restaurant_search",
        "entities": [
          {
            "start": 18,
            "end": 21,
            "value": "500",
            "entity": "price_ut"
          },
          {
            "start": 27,
            "end": 28,
            "value": "2",
            "entity": "people"
          }
        ],
        "text": "I want to eat for 500 with 2 people"
      },
      {
        "intent": "email_provide",
        "entities": [
          {
            "start": 15,
            "end": 29,
            "value": "john@gmail.com",
            "entity": "emailid"
          }
        ],
        "text": "my email id is john@gmail.com"
      },
      {
        "intent": "email_provide",
        "entities": [
          {
            "start": 15,
            "end": 43,
            "value": "getvishalsingh.007@gmail.com",
            "entity": "emailid"
          }
        ],
        "text": "my email id is getvishalsingh.007@gmail.com"
      },
      {
        "intent": "email_provide",
        "entities": [
          {
            "start": 15,
            "end": 39,
            "value": "restchatbot007@gmail.com",
            "entity": "emailid"
          }
        ],
        "text": "restchatbot007@gmail.com"
      },
      {
        "intent": "email_provide",
        "entities": [
          {
            "start": 15,
            "end": 39,
            "value": "restchatbot007@gmail.com",
            "entity": "emailid"
          }
        ],
        "text": "my mailid is restchatbot007@gmail.com"
      },
      {
        "intent": "email_provide",
        "entities": [
          {
            "start": 15,
            "end": 39,
            "value": "restchatbot007@gmail.com",
            "entity": "emailid"
          }
        ],
        "text": "It is restchatbot007@gmail.com"
      },
      {
        "intent": "email_provide",
        "entities": [
          {
            "start": 15,
            "end": 39,
            "value": "restchatbot007@gmail.com",
            "entity": "emailid"
          }
        ],
        "text": "mailid is restchatbot007@gmail.com"
      },
      {
        "intent": "email_provide",
        "entities": [
          {
            "start": 15,
            "end": 39,
            "value": "restchatbot007@gmail.com",
            "entity": "emailid"
          }
        ],
        "text": "you can send at restchatbot007@gmail.com"
      },
      {
        "intent": "email_provide",
        "entities": [
          {
            "start": 15,
            "end": 39,
            "value": "restchatbot007@gmail.com",
            "entity": "emailid"
          }
        ],
        "text": "Please send at restchatbot007@gmail.com"
      },
      {
        "intent": "email_provide",
        "entities": [
          {
            "start": 15,
            "end": 39,
            "value": "restchatbot007@gmail.com",
            "entity": "emailid"
          }
        ],
        "text": "Can you send at restchatbot007@gmail.com"
      },
      {
        "intent": "email_provide",
        "entities": [
          {
            "start": 15,
            "end": 39,
            "value": "restchatbot007@gmail.com",
            "entity": "emailid"
          }
        ],
        "text": "send at restchatbot007@gmail.com"
      },
      {
        "intent": "email_provide",
        "entities": [
          {
            "start": 15,
            "end": 39,
            "value": "restchatbot007@gmail.com",
            "entity": "emailid"
          }
        ],
        "text": "yes it is restchatbot007@gmail.com"
      },
      {
        "intent": "email_provide",
        "entities": [
          {
            "start": 15,
            "end": 39,
            "value": "restchatbot007@gmail.com",
            "entity": "emailid"
          }
        ],
        "text": "Contact at restchatbot007@gmail.com"
      },
      {
        "intent": "email_provide",
        "entities": [
          {
            "start": 15,
            "end": 39,
            "value": "restchatbot007@gmail.com",
            "entity": "emailid"
          }
        ],
        "text": "deliver at restchatbot007@gmail.com"
      },
      {
        "intent": "restaurant_search",
        "entities": [
          {
            "start": 10,
            "end": 13,
            "value": "300",
            "entity": "price_ut"
          }
        ],
        "text": "less than 300"
      },
      {
        "intent": "restaurant_search",
        "entities": [
          {
            "start": 0,
            "end": 7,
            "value": "Mexican",
            "entity": "cuisine"
          }
        ],
        "text": "Mexican"
      },
      {
        "intent": "restaurant_search",
        "entities": [
          {
            "start": 0,
            "end": 8,
            "value": "American",
            "entity": "cuisine"
          }
        ],
        "text": "American"
      },
      {
        "intent": "restaurant_search",
        "entities": [
          {
            "start": 8,
            "end": 11,
            "value": "300",
            "entity": "price_lt"
          },
          {
            "start": 16,
            "end": 19,
            "value": "700",
            "entity": "price_ut"
          }
        ],
        "text": "between 300 and 700"
      },
      {
        "intent": "restaurant_search",
        "entities": [
          {
            "start": 6,
            "end": 9,
            "value": "700",
            "entity": "price_lt"
          }
        ],
        "text": "above 700"
      },
      {
        "intent": "restaurant_search",
        "entities": [
          {
            "start": 2,
            "end": 5,
            "value": "300",
            "entity": "price_ut"
          }
        ],
        "text": "< 300"
      },
      {
        "intent": "restaurant_search",
        "entities": [
          {
            "start": 10,
            "end": 13,
            "value": "700",
            "entity": "price_lt"
          }
        ],
        "text": "more than 700"
      },
      {
        "intent": "restaurant_search",
        "entities": [
          {
            "start": 0,
            "end": 9,
            "value": "Bangalore",
            "entity": "location"
          }
        ],
        "text": "Bangalore"
      },
      {
        "intent": "restaurant_search",
        "entities": [
          {
            "start": 2,
            "end": 5,
            "value": "700",
            "entity": "price_lt"
          }
        ],
        "text": "> 700"
      },
      {
        "intent": "bot_exp",
        "text": "what can you do"
      },
      {
        "intent": "bot_exp",
        "text": "what functionalities do you perform"
      }
    ],
    "regex_features": [
      {
        "name": "greet",
        "pattern": "hey[^\\s]*"
      },
      {
        "name": "zipcode",
        "pattern": "[0-9]{5}"
      }
    ],
    "lookup_tables": [],
    "entity_synonyms": [
      {
        "value": "Chinese",
        "synonyms": [
          "chinese",
          "Chines",
          "chines"
        ]
      },
      {
        "value": "Mexican",
        "synonyms": [
          "Mxcn",
          "Mecscn",
          "Mexica",
          "Mexic",
          "mexican"
        ]
      },
      {
        "value": "Italian",
        "synonyms": [
          "italian",
          "itln",
          "Itln",
          "Italn"
        ]
      },
      {
        "value": "American",
        "synonyms": [
          "american",
          "Amrcn",
          "amrcn",
          "America",
          "Amrc"
        ]
      },
      {
        "value": "South Indian",
        "synonyms": [
          "south",
          "South",
          "SothInd"
        ]
      },
      {
        "value": "North Indian",
        "synonyms": [
          "north",
          "North",
          "NrthInd"
        ]
      },
      {
        "value": "Ahmedabad",
        "synonyms": [
          "Ahmadabad",
          "Ahmdbd",
          "Ahmdbad",
          "ahmedabad"
        ]
      },
      {
        "value": "Bangalore",
        "synonyms": [
          "bangalore",
          "Bengaluru",
          "Bnglr",
          "Bnglor"
        ]
      },
      {
        "value": "Chennai",
        "synonyms": [
          "Madras",
          "Chn",
          "Chenai"
        ]
      },
      {
        "value": "Delhi",
        "synonyms": [
          "Dilli",
          "Dehli",
          "Deli",
          "delhi"
        ]
      },
      {
        "value": "Hyderabad",
        "synonyms": [
          "Hydrbd",
          "hyderabad"
        ]
      },
      {
        "value": "Kolkata",
        "synonyms": [
          "Klkta",
          "kolkata",
          "Calcutta",
          "Calcuta"
        ]
      },
      {
        "value": "Mumbai",
        "synonyms": [
          "Bombay",
          "mumbai",
          "Bmbay",
          "bmby"
        ]
      },
      {
        "value": "Pune",
        "synonyms": [
          "pune",
          "Poona",
          "Puna",
          "Pona"
        ]
      },
      {
        "value": "Ajmer",
        "synonyms": [
          "Azmer",
          "Ajmer Sharif",
          "ajmer",
          "Ajmer Shareef"
        ]
      },
      {
        "value": "Aligarh",
        "synonyms": [
          "aligarh",
          "Aligadh",
          "Algdh"
        ]
      },
      {
        "value": "Allahabd",
        "synonyms": [
          "Illahabad",
          "allahabad",
          "Prayagraj"
        ]
      },
      {
        "value": "Amravati",
        "synonyms": [
          "amravati",
          "Amrvati"
        ]
      },
      {
        "value": "Amritsar",
        "synonyms": [
          "Amrtsr",
          "amritsar"
        ]
      },
      {
        "value": "Aurangabad",
        "synonyms": [
          "Arngabad",
          "aurangabad"
        ]
      },
      {
        "value": "Bareilly",
        "synonyms": [
          "bareilly",
          "Barely",
          "Bareilli",
          "Bareli",
          "Barele"
        ]
      },
      {
        "value": "Belgaum",
        "synonyms": [
          "belgaum",
          "Blgam",
          "Belgam"
        ]
      },
      {
        "value": "Bhavnagar",
        "synonyms": [
          "Bhaonagar",
          "bhavnagar",
          "Bhvngr"
        ]
      },
      {
        "value": "Bhiwandi",
        "synonyms": [
          "Bhiwani",
          "bhiwandi"
        ]
      },
      {
        "value": "Bhopal",
        "synonyms": [
          "bhopal",
          "Bhpal"
        ]
      },
      {
        "value": "Bhubaneswar",
        "synonyms": [
          "bhubaneswar",
          "Bhubaneswhar",
          "Bhvnswr",
          "Bhuvnswar"
        ]
      },
      {
        "value": "Bikaner",
        "synonyms": [
          "bikaner",
          "Bkner",
          "Bkaner"
        ]
      },
      {
        "value": "Bokaro",
        "synonyms": [
          "bokaro",
          "Bokaaro",
          "Bokaro Steel City",
          "Bkaro"
        ]
      },
      {
        "value": "Chandigarh",
        "synonyms": [
          "Chandigadh",
          "Chndigdh",
          "Chndigadh"
        ]
      },
      {
        "value": "Coimbatore",
        "synonyms": [
          "Cmbtr",
          "coimbatore",
          "Koimbatore",
          "Coiambatore"
        ]
      },
      {
        "value": "Cuttack",
        "synonyms": [
          "cuttack",
          "Cutack",
          "Katak",
          "Ctck"
        ]
      },
      {
        "value": "Dehradun",
        "synonyms": [
          "dehradum",
          "Dehradoon",
          "Dhraadun"
        ]
      },
      {
        "value": "Dhanbad",
        "synonyms": [
          "dhanbad",
          "dhanbaad"
        ]
      },
      {
        "value": "Bhilai",
        "synonyms": [
          "Durg-Bhilai Nagar",
          "Durg Bhilai Nagar",
          "Bhilai Nagar",
          "Bhilai Steel City"
        ]
      },
      {
        "value": "Durgapur",
        "synonyms": [
          "durgapur",
          "Dorgapur",
          "Doorgapoor"
        ]
      },
      {
        "value": "Faridabad",
        "synonyms": [
          "faridabad",
          "Fridabad"
        ]
      },
      {
        "value": "Firozabad",
        "synonyms": [
          "firozabad",
          "Firojabad",
          "Firozaabaad",
          "Firozbad"
        ]
      },
      {
        "value": "Ghaziabad",
        "synonyms": [
          "ghaziabad",
          "Gajiabad",
          "Gajiyabaad",
          "Ghaziabaad"
        ]
      },
      {
        "value": "Gorakhpur",
        "synonyms": [
          "gorakhpur"
        ]
      },
      {
        "value": "Gulbarga",
        "synonyms": [
          "Gulbarg",
          "gulbarga"
        ]
      },
      {
        "value": "Gurgaon",
        "synonyms": [
          "gurgaon",
          "Gurugram",
          "gorgaon"
        ]
      },
      {
        "value": "Guwahati",
        "synonyms": [
          "Gohati",
          "guwahati",
          "Gohaati"
        ]
      },
      {
        "value": "Gwalior",
        "synonyms": [
          "gwalior",
          "gwaliar",
          "Gwaliar"
        ]
      },
      {
        "value": "Hubli-Dharwad",
        "synonyms": [
          "Hubballi",
          "Dharwad",
          "hubli-dharwad",
          "Hubali"
        ]
      },
      {
        "value": "Indore",
        "synonyms": [
          "Indaur",
          "Indor",
          "indore"
        ]
      },
      {
        "value": "Jaipur",
        "synonyms": [
          "Pink City",
          "jaipur"
        ]
      },
      {
        "value": "Jalandhar",
        "synonyms": [
          "jalandhar",
          "Jlndhr",
          "Jlndhar"
        ]
      },
      {
        "value": "Jammu",
        "synonyms": [
          "Jamu",
          "jammu"
        ]
      },
      {
        "value": "Jamnagar",
        "synonyms": [
          "jamnagar",
          "jaamnagar"
        ]
      },
      {
        "value": "Jamshedpur",
        "synonyms": [
          "jamshedpur",
          "TATA",
          "tata"
        ]
      },
      {
        "value": "Jhansi",
        "synonyms": [
          "jhansi"
        ]
      },
      {
        "value": "Jodhpur",
        "synonyms": [
          "jodhpur",
          "jodpur"
        ]
      },
      {
        "value": "Kannur",
        "synonyms": [
          "kannur",
          "Kanur"
        ]
      },
      {
        "value": "kanpur",
        "synonyms": [
          "Knpur"
        ]
      },
      {
        "value": "Kakinada",
        "synonyms": [
          "kakinada",
          "Kakinda"
        ]
      },
      {
        "value": "Kochi",
        "synonyms": [
          "kochi",
          "Kochii"
        ]
      },
      {
        "value": "Kottayam",
        "synonyms": [
          "kottayam",
          "Kotayam"
        ]
      },
      {
        "value": "Kolhapur",
        "synonyms": [
          "kolhapur",
          "Kolapur"
        ]
      },
      {
        "value": "Kollam",
        "synonyms": [
          "kollam",
          "Kolam"
        ]
      },
      {
        "value": "Kota",
        "synonyms": [
          "Cota",
          "kota"
        ]
      },
      {
        "value": "Kozhikode",
        "synonyms": [
          "kozhikode",
          "Kozikode",
          "Kozhicode",
          "Kozicode"
        ]
      },
      {
        "value": "Kurnool",
        "synonyms": [
          "kurnool",
          "Krnool",
          "Krnol"
        ]
      },
      {
        "value": "Lucknow",
        "synonyms": [
          "lucknow",
          "Luckhnow",
          "Lcknow"
        ]
      },
      {
        "value": "Ludhiana",
        "synonyms": [
          "ludhiana",
          "Ludiana"
        ]
      },
      {
        "value": "Madurai",
        "synonyms": [
          "madurai",
          "Maduraii"
        ]
      },
      {
        "value": "Malappuram",
        "synonyms": [
          "malappuram",
          "Malapuram",
          "Mallapuram"
        ]
      },
      {
        "value": "Mathura",
        "synonyms": [
          "mathura"
        ]
      },
      {
        "value": "Goa",
        "synonyms": [
          "goa"
        ]
      },
      {
        "value": "Mangalore",
        "synonyms": [
          "mangalore",
          "Mnglr"
        ]
      },
      {
        "value": "Meerut",
        "synonyms": [
          "meerut",
          "Merut"
        ]
      },
      {
        "value": "Moradabad",
        "synonyms": [
          "moradabad"
        ]
      },
      {
        "value": "Mysore",
        "synonyms": [
          "mysore",
          "Masor"
        ]
      },
      {
        "value": "Nagpur",
        "synonyms": [
          "nagpur",
          "naagpur"
        ]
      },
      {
        "value": "Nanded",
        "synonyms": [
          "nanded",
          "Naanded"
        ]
      },
      {
        "value": "Nashik",
        "synonyms": [
          "nashik",
          "Nashek"
        ]
      },
      {
        "value": "Nellore",
        "synonyms": [
          "nellore",
          "Nelore"
        ]
      },
      {
        "value": "Noida",
        "synonyms": [
          "noida",
          "Noidaa"
        ]
      },
      {
        "value": "Palakkad",
        "synonyms": [
          "palakkad",
          "palakad"
        ]
      },
      {
        "value": "Patna",
        "synonyms": [
          "patna",
          "Ptna"
        ]
      },
      {
        "value": "Pondicherry",
        "synonyms": [
          "pondicherry",
          "Pondichery",
          "Pondicheri"
        ]
      },
      {
        "value": "Raipur",
        "synonyms": [
          "raipur"
        ]
      },
      {
        "value": "Rajkot",
        "synonyms": [
          "rajkot"
        ]
      },
      {
        "value": "Rajahmundry",
        "synonyms": [
          "rajahmundry",
          "rajamundry"
        ]
      },
      {
        "value": "Ranchi",
        "synonyms": [
          "ranchi"
        ]
      },
      {
        "value": "Rourkela",
        "synonyms": [
          "rourkela",
          "Rorkela"
        ]
      },
      {
        "value": "Salem",
        "synonyms": [
          "salem"
        ]
      },
      {
        "value": "Sangli",
        "synonyms": [
          "sangli",
          "Sngli"
        ]
      },
      {
        "value": "Siliguri",
        "synonyms": [
          "siliguri",
          "Siligurii"
        ]
      },
      {
        "value": "Solapur",
        "synonyms": [
          "solapur"
        ]
      },
      {
        "value": "Srinagar",
        "synonyms": [
          "srinagar",
          "Shrinagar"
        ]
      },
      {
        "value": "Sultanpur",
        "synonyms": [
          "sultanpur",
          "Sultnpur",
          "Sultnpr"
        ]
      },
      {
        "value": "Surat",
        "synonyms": [
          "surat"
        ]
      },
      {
        "value": "Thiruvananthapuram",
        "synonyms": [
          "Tivendram",
          "Tiruanantpuram",
          "thiruvananthapuram",
          "thiruanantpuram"
        ]
      },
      {
        "value": "Thrissur",
        "synonyms": [
          "thrissur",
          "Trissur",
          "Trisur"
        ]
      },
      {
        "value": "Tiruchirappalli",
        "synonyms": [
          "tiruchirappalli",
          "Tiruchirapaali",
          "Tiruchippali"
        ]
      },
      {
        "value": "Tirunelveli",
        "synonyms": [
          "tirunelveli",
          "Tirunlveli"
        ]
      },
      {
        "value": "Tiruppur",
        "synonyms": [
          "tiruppur",
          "Tirupur"
        ]
      },
      {
        "value": "Ujjain",
        "synonyms": [
          "ujjain",
          "Ujain"
        ]
      },
      {
        "value": "Vijayapura",
        "synonyms": [
          "vijayapura",
          "Vijayapur"
        ]
      },
      {
        "value": "Vadodara",
        "synonyms": [
          "Baroda",
          "vadodara"
        ]
      },
      {
        "value": "Varanasi",
        "synonyms": [
          "varanasi",
          "Banaaras",
          "Banaras"
        ]
      },
      {
        "value": "Vasai-Virar City",
        "synonyms": [
          "vasai-virar city",
          "Vasai",
          "Virar"
        ]
      },
      {
        "value": "Vijayawada",
        "synonyms": [
          "vijayawada",
          "Vijayawara"
        ]
      },
      {
        "value": "Visakhapatnam",
        "synonyms": [
          "visakhapatnam",
          "Vizag"
        ]
      },
      {
        "value": "Agra",
        "synonyms": [
          "agra"
        ]
      },
      {
        "value": "Asansol",
        "synonyms": [
          "asansol"
        ]
      },
      {
        "value": "Erode",
        "synonyms": [
          "erode"
        ]
      },
      {
        "value": "Guntur",
        "synonyms": [
          "guntur"
        ]
      },
      {
        "value": "Warangal",
        "synonyms": [
          "warangal"
        ]
      },
      {
        "value": "vegetarian",
        "synonyms": [
          "veggie",
          "vegg"
        ]
      }
    ]
  }
}