{
  "action_fingerprints": {
    "action_listen": {
      "slots": [
        "cuisine",
        "price_lt",
        "emailid",
        "price_ut",
        "location"
      ]
    },
    "action_location": {
      "slots": [
        "location_match"
      ]
    },
    "action_restaurant": {
      "slots": [
        "mail_response"
      ]
    },
    "action_mailrestaurantdetails": {
      "slots": [
        "mail_details"
      ]
    },
    "action_slot_reset": {
      "slots": []
    }
  },
  "rasa_core": "0.10.1",
  "max_histories": [
    5,
    5
  ],
  "ensemble_name": "rasa_core.policies.ensemble.SimplePolicyEnsemble",
  "policy_names": [
    "rasa_core.policies.memoization.MemoizationPolicy",
    "rasa_core.policies.keras_policy.KerasPolicy"
  ]
}